{
  "teams": {
    "Real Madrid CF": "Real Madrid",
    "Real Madrid C.F.": "Real Madrid",
    "Real": "Real Madrid",
    "Barcelona": "FC Barcelona",
    "FC Barcelona": "FC Barcelona",
    "Barca": "FC Barcelona",
    "Manchester United": "Man United",
    "Man United": "Man United",
    "Manchester City": "Man City",
    "Man City": "Man City",
    "Liverpool FC": "Liverpool",
    "Arsenal FC": "Arsenal",
    "Chelsea FC": "Chelsea",
    "Tottenham Hotspur": "Tottenham",
    "Spurs": "Tottenham",
    "Bayern Munich": "Bayern",
    "Bayern München": "Bayern",
    "Borussia Dortmund": "Dortmund",
    "BVB": "Dortmund",
    "Paris Saint-Germain": "PSG",
    "Paris SG": "PSG",
    "Juventus": "Juventus",
    "Juve": "Juventus",
    "AC Milan": "Milan",
    "Inter Milan": "Inter",
    "AS Roma": "Roma",
    "Napoli": "Napoli",
    "Los Angeles Lakers": "Lakers",
    "LA Lakers": "Lakers",
    "Golden State Warriors": "Warriors",
    "Boston Celtics": "Celtics",
    "Miami Heat": "Heat",
    "Chicago Bulls": "Bulls",
    "New York Knicks": "Knicks",
    "Brooklyn Nets": "Nets",
    "Philadelphia 76ers": "76ers",
    "Philly": "76ers",
    "Milwaukee Bucks": "Bucks"
  },
  "leagues": {
    "Premier League": "EPL",
    "English Premier League": "EPL",
    "EPL": "EPL",
    "La Liga": "La Liga",
    "Spanish La Liga": "La Liga",
    "Primera División": "La Liga",
    "Serie A": "Serie A",
    "Italian Serie A": "Serie A",
    "Bundesliga": "Bundesliga",
    "German Bundesliga": "Bundesliga",
    "Ligue 1": "Ligue 1",
    "French Ligue 1": "Ligue 1",
    "Champions League": "UCL",
    "UEFA Champions League": "UCL",
    "Europa League": "UEL",
    "UEFA Europa League": "UEL",
    "NBA": "NBA",
    "National Basketball Association": "NBA",
    "NFL": "NFL",
    "National Football League": "NFL",
    "MLB": "MLB",
    "Major League Baseball": "MLB",
    "NHL": "NHL",
    "National Hockey League": "NHL",
    "ATP": "ATP",
    "WTA": "WTA",
    "Grand Slam": "Grand Slam",
    "Wimbledon": "Wimbledon",
    "US Open": "US Open",
    "French Open": "French Open",
    "Australian Open": "Australian Open"
  },
  "markets": {
    "Match Result": "1X2",
    "Full Time Result": "1X2",
    "Winner": "Moneyline",
    "Match Winner": "Moneyline",
    "Money Line": "Moneyline",
    "Moneyline": "Moneyline",
    "1X2": "1X2",
    "Double Chance": "Double Chance",
    "Total Goals": "Totals",
    "Total Points": "Totals",
    "Over/Under": "Totals",
    "O/U": "Totals",
    "Goals O/U": "Totals",
    "Points O/U": "Totals",
    "Handicap": "Handicap",
    "Asian Handicap": "Handicap",
    "European Handicap": "Handicap",
    "Spread": "Handicap",
    "Point Spread": "Handicap",
    "Team Total": "Team Totals",
    "Team Goals": "Team Totals",
    "Team Points": "Team Totals",
    "Both Teams to Score": "BTTS",
    "BTTS": "BTTS",
    "First Half": "1H",
    "1st Half": "1H",
    "Second Half": "2H",
    "2nd Half": "2H",
    "First Quarter": "1Q",
    "1st Quarter": "1Q",
    "Second Quarter": "2Q",
    "2nd Quarter": "2Q",
    "Third Quarter": "3Q",
    "3rd Quarter": "3Q",
    "Fourth Quarter": "4Q",
    "4th Quarter": "4Q"
  },
  "outcomes": {
    "Home": "1",
    "Draw": "X",
    "Away": "2",
    "1": "1",
    "X": "X",
    "2": "2",
    "Over": "Over",
    "Under": "Under",
    "Yes": "Yes",
    "No": "No",
    "Win": "Win",
    "Loss": "Loss"
  },
  "esports_teams": {
    "Natus Vincere": "NAVI",
    "Na'Vi": "NAVI",
    "NaVi": "NAVI",
    "Team Liquid": "Liquid",
    "TL": "Liquid",
    "Fnatic": "Fnatic",
    "FNC": "Fnatic",
    "G2 Esports": "G2",
    "G2": "G2",
    "Team SoloMid": "TSM",
    "TSM": "TSM",
    "Cloud9": "C9",
    "C9": "C9",
    "100 Thieves": "100T",
    "100T": "100T",
    "Sentinels": "SEN",
    "SEN": "Sentinels",
    "Astralis": "Astralis",
    "AST": "Astralis",
    "FaZe Clan": "FaZe",
    "FaZe": "FaZe",
    "ENCE": "ENCE",
    "Gambit Esports": "Gambit",
    "Gambit": "Gambit",
    "Vitality": "Vitality",
    "VIT": "Vitality",
    "BIG": "BIG",
    "Heroic": "Heroic",
    "Ninjas in Pyjamas": "NIP",
    "NiP": "NIP",
    "SK Telecom T1": "T1",
    "T1": "T1",
    "SKT": "T1",
    "Gen.G": "GenG",
    "GenG": "GenG",
    "DRX": "DRX",
    "DWG KIA": "DK",
    "DAMWON": "DK"
  },
  "esports_markets": {
    "Match Winner": "Moneyline",
    "Map Winner": "Map Winner",
    "Map 1 Winner": "Map 1 Winner",
    "Map 2 Winner": "Map 2 Winner",
    "Map 3 Winner": "Map 3 Winner",
    "Total Maps": "Total Maps",
    "Maps O/U": "Total Maps",
    "Round Handicap": "Round Handicap",
    "Rounds Handicap": "Round Handicap",
    "Total Rounds": "Total Rounds",
    "Rounds O/U": "Total Rounds",
    "First Blood": "First Blood",
    "First Kill": "First Blood",
    "Total Kills": "Total Kills",
    "Kills O/U": "Total Kills",
    "Pistol Round Winner": "Pistol Round",
    "Knife Round Winner": "Knife Round"
  }
}